rank,uri,artist_names,track_name,source,peak_rank,previous_rank,days_on_chart,streams
1,"spotify:track:5fXslGZPI5Cco6PKHzlSL3","Jasmine Sandlas, Garry Sandhu, Tanishk Bagchi, Intense","Illegal Weapon 2.0 (From ""Street Dancer 3D"")","T-Series",1,1,14,"174248"
2,"spotify:track:28veUNu4veN0LOBVa0nFw8","Yash Narvekar, Parampara Tandon, Tanishk Bagchi","Muqabla (From ""Street Dancer 3D"")","T-Series",1,2,28,"142410"
3,"spotify:track:41L3O37CECZt3N7ziG2z7l","Justin Bieber","Yummy","RBMG/Def Jam",2,3,15,"132346"
4,"spotify:track:6q9XTgfWilsnyiFofvYrIF","Badshah, Neha Kakkar, Varun Dhawan","Garmi (From ""Street Dancer 3D"") (feat. Varun Dhawan)","T-Series",3,4,23,"130865"
5,"spotify:track:4TnjEaWOeW0eKTKIEvJyCa","Trevor Daniel","Falling","Alamo",2,5,57,"127666"
6,"spotify:track:24NuEDgyRIljwSyY0lsr7b","BTS","Black Swan","BIGHIT MUSIC",6,-1,1,"126389"
7,"spotify:track:0ZHILXmUaVSLEOCWxPQ1ga","Tanishk Bagchi, Yasser Desai, Asees Kaur","Makhna","Zee Music Company",2,6,107,"125909"
8,"spotify:track:0WdbnNKO0Jt4BZACSDQh44","Vishal-Shekhar, Arijit Singh, Shilpa Rao, Kumaar","Ghungroo (From ""War"")","YRF Music",1,7,135,"114373"
9,"spotify:track:0TkquWzzuxcrwbCWlTrKYF","Neha Kakkar, Tanishk Bagchi, Lalit Sen","Yaad Piya Ki Aane Lagi","T-Series",2,8,62,"101716"
10,"spotify:track:2b8fOow8UzyDFAE27YhOZM","Maroon 5","Memories","Interscope Records*",2,9,120,"99643"
11,"spotify:track:2Fv2injs4qAm8mJBGaxVKU","Arijit Singh, Mithoon","Tujhe Kitna Chahne Lage (From ""Kabir Singh"")","T-Series",2,10,232,"98722"
12,"spotify:track:5I2wbDvSI98HLVB42YO9sU","Guru Randhawa, Tulsi Kumar, Sachin-Jigar, Vee","Lagdi Lahore Di (From ""Street Dancer 3D"")","T-Series",12,12,3,"95672"
13,"spotify:track:25MPTnqXQB1H6OkwSYUXWx","Ved Sharma","Malang (Title Track) [From ""Malang - Unleash The Madness""]","T-Series",13,33,2,"91550"
14,"spotify:track:7HMmFQsKsljwTw8bS7lu19","Selena Gomez","Rare","Interscope Records",9,11,8,"88618"
15,"spotify:track:696DnlkuDOXcMAnKlTgXXK","Arizona Zervas","ROXANNE","Arizona Zervas",9,13,73,"86801"
16,"spotify:track:6v3KW9xbzN5yKLt9YKDYA2","Shawn Mendes, Camila Cabello","Señorita","Island Records",1,16,211,"84228"
17,"spotify:track:57jOEZtoLQK4zF2x55bdkp","Rochak Kohli, Arijit Singh, Neha Kakkar","Tu Hi Yaar Mera (From ""Pati Patni Aur Woh"")","T-Series",14,15,46,"83135"
18,"spotify:track:6E9UwSfT80age2xknoMS7Y","Payal Dev, Jubin Nautiyal","Tum Hi Aana (From ""Marjaavaan"")","T-Series",2,14,107,"83002"
19,"spotify:track:2U0BLmYoSESYOdwMxW2yA9","Mithoon, Arijit Singh","Chal Ghar Chalen (From ""Malang - Unleash The Madness"") [Mithoon feat. Arijit Singh]","T-Series",17,17,8,"76329"
20,"spotify:track:0dnDTvdUco2UbaBjUtPxNS","Armaan Malik, Thaman S","Buttabomma - Telugu","Aditya Music",17,18,23,"71881"
21,"spotify:track:0sf12qNH5qcw8qpgymFOqD","The Weeknd","Blinding Lights","Republic Records",11,19,50,"70068"
22,"spotify:track:7FIWs0pqAYbP91WWM0vlTQ","Eminem, Juice WRLD","Godzilla (feat. Juice WRLD)","Shady/Aftermath/Interscope Records",22,-1,1,"68131"
23,"spotify:track:21jGcNKet2qwijlDFuPiPb","Post Malone","Circles","Republic Records",9,21,141,"64505"
24,"spotify:track:7lGhrfren1Zpwh0ds0zuUg","Arijit Singh, Parampara Tandon","Pal Pal Dil Ke Paas- Title Track","Zee Music Company",3,20,144,"64419"
25,"spotify:track:5djZm1zFGcJUSUqbBjrAZH","Neha Kakkar, Tulsi Kumar, B Praak","O Saki Saki (From ""Batla House"")","T-Series",2,22,187,"61841"
26,"spotify:track:2tjWCe2W7sgvS3C8NHcdtI","Akhil, Dhvani Bhanushali, Abhijit Vaghani, Bob","Duniyaa (From ""Luka Chuppi"")","T-Series",1,23,325,"61376"
27,"spotify:track:1v8H06ctqfMX8IUxU9nCaI","Diljit Dosanjh, Sukhbir, Dhvani Bhanushali, Dj Chetas, Lijo George","Sauda Khara Khara","Zee Music Company",20,26,46,"59272"
28,"spotify:track:1feANd8EfcDP5UqSvbheM3","Sachet Tandon, Sachet-Parampara","Bekhayali (From ""Kabir Singh"")","T-Series",1,25,238,"58792"
29,"spotify:track:6E7P1uT2afeor2t6wR2y2r","B Praak, Akshay Kumar, Nupur Sanon","Filhall","Universal Music India Pvt Ltd.",1,24,70,"58735"
30,"spotify:track:4OcvkkpF3xmyCGGY5IBlgi","Akhil Sachdeva, Tulsi Kumar","Tera Ban Jaunga (From ""Kabir Singh"")","T-Series",4,29,215,"57990"
31,"spotify:track:2IoZMG3RqiTmsy7Li3zGFg","Sachet Tandon, Parampara Tandon, Sachet-Parampara","Mere Sohneya (From ""Kabir Singh"")","T-Series",4,27,226,"57907"
32,"spotify:track:7IAJzec1UxGYmNvbPTHbxx","Sohail Sen, Vishal Dadlani","Shaitan Ka Saala (From ""Housefull 4"")","T-Series",7,30,102,"57562"
33,"spotify:track:7ltu5scschhmNWp5rp8rVF","Arijit Singh, Asees Kaur","Ve Maahi","Zee Music Company",3,28,297,"57230"
34,"spotify:track:7ofWUKeNCUw1P64ArIwG9b","Tony Kakkar, Neha Kakkar, Tanishk Bagchi","Dheeme Dheeme (From ""Pati Patni Aur Woh"")","T-Series",14,31,68,"57199"
35,"spotify:track:3yOlyBJuViE2YSGn3nVE1K","Camila Cabello, DaBaby","My Oh My (feat. DaBaby)","Syco Music/Epic",20,32,43,"56459"
36,"spotify:track:5RHCtCi4k67doox07JmHTf","Badshah, Harrdy Sandhu, Lisa Mishra, Asees Kaur","Chandigarh Mein","Zee Music Company",16,34,52,"55113"
37,"spotify:track:3j9DrRebdWK1jkpOw9FZUy","Sid Sriram","Samajavaragamana","Aditya Music",7,35,112,"54964"
38,"spotify:track:7lidXGPXPYLNThITAOTlkK","Halsey","You should be sad","Capitol Records",38,65,8,"52342"
39,"spotify:track:42ETKyApzUl8hTtytFAjen","Baani Sandhu, Gur Sidhu","8 Parche","White Hill Music",25,37,121,"52337"
40,"spotify:track:6AooRgSRDzbCYL4NZ4RCjU","DIVINE","Chal Bombay","Universal Music India Pvt Ltd.",20,40,102,"51861"
41,"spotify:track:5zEx8v8GJKoTx55zGeq8me","Arijit Singh, Bohemia, Sachin-Jigar","Dua Karo (From ""Street Dancer 3D"")","T-Series",17,39,9,"51771"
42,"spotify:track:4l0Mvzj72xxOpRrp6h8nHi","Selena Gomez","Lose You To Love Me","Interscope Records",2,38,87,"51333"
43,"spotify:track:1q7W78ZYL9iqyYeVONU2hg","Badshah, Uchana Amit","Kamaal","Saga Music",30,41,39,"50399"
44,"spotify:track:5yY9lUy8nbvjM1Uyo1Uqoc","Future, Drake","Life Is Good (feat. Drake)","Epic/Freebandz",36,36,8,"50257"
45,"spotify:track:1CM4rFDU9q4EoLy2K44qE6","B Praak, Harrdy Sandhu, Swasti Mehul","Naah Goriye (From ""Bala"")","Sony Music Entertainment India Pvt. Ltd.",21,42,85,"50176"
46,"spotify:track:1y1rQTkWmrZdJmjwuK07GC","Vishal Mishra","Kaise Hua (From ""Kabir Singh"")","T-Series",4,43,219,"49115"
47,"spotify:track:0RiRZpuVRbi7oqRdSMwhQY","Post Malone, Swae Lee","Sunflower - Spider-Man: Into the Spider-Verse","Republic Records",3,44,325,"48826"
48,"spotify:track:5QVHNa0ppJUOoqSd36ovQS","Arijit Singh, B Praak","Pachtaoge (From ""Jaani Ve"")","T-Series",1,45,148,"47325"
49,"spotify:track:3sqRODOZ1Z6hR4F2tnFAlg","Maninder Buttar","Sakhiyaan","White Hill Music",18,46,325,"47288"
50,"spotify:track:2ez6qvOTHKeI3ss80NGqnI","SHAED, ZAYN","Trampoline (with ZAYN)","Photo Finish Records",11,48,111,"46562"
51,"spotify:track:7KhHA3mzt7A3LFlOJEAKpI","Alan Walker, Sabrina Carpenter, Farruko","On My Way","MER Recordings",1,47,303,"46469"
52,"spotify:track:2TbCdbFzs2xO2nzasn0Qvw","Sachin-Jigar, Badshah, Shalmali Kholgade, Gurdeep Mehndi","Don't Be Shy Again (From ""Bala"")","Sony Music Entertainment India Pvt. Ltd.",32,49,92,"45574"
53,"spotify:track:4uXJADmybUHUgycBWFHeq6","Anurag Kulkarni, Mangli, Thaman S","Ramuloo Ramulaa - Duet","Aditya Music",30,51,83,"45317"
54,"spotify:track:7gAyu0od48mkaCw1laPKVC","Vayu, Aastha Gill, AKASA, Puri","Naagin","Sony Music Entertainment India Pvt. Ltd.",27,50,92,"44834"
55,"spotify:track:7aiClxsDWFRQ0Kzk5KI5ku","blackbear","hot girl bummer","Alamo",18,55,128,"43670"
56,"spotify:track:74qF0JeFMVilMEeFDiQZ48","Sunanda Sharma, Tanishk Bagchi","Mummy Nu Pasand (From ""Jai Mummy Di"")","T-Series",30,53,30,"43640"
57,"spotify:track:3ZCTVFBt2Brf31RLEnCkWJ","Billie Eilish","everything i wanted","Darkroom/Interscope Records",8,52,65,"43405"
58,"spotify:track:57DhVYA7E1CyrE4OKuyLb7","Maninder Buttar","Ik Tera","White Hill Music",26,54,149,"43364"
59,"spotify:track:6lfSsCL894Qw15xbt7cSUy","Vishal Dadlani, Benny Dayal","Jai Jai Shivshankar (From ""War"")","YRF Music",9,56,119,"42134"
60,"spotify:track:0q2vG0UVuy6ajjcpkQHdZM","Eminem, Young M.A","Unaccommodating (feat. Young M.A)","Shady/Aftermath/Interscope Records",60,-1,1,"42023"
61,"spotify:track:2Fxmhks0bxGSBdJ92vM42m","Billie Eilish","bad guy","Darkroom/Interscope Records",2,57,295,"41907"
62,"spotify:track:39ujbBjTwwqUFySaCYDMMT","Badshah, Diljit Dosanjh, Aastha Gill","Proper Patola","Sony Music Entertainment India Pvt. Ltd.",18,59,325,"41535"
63,"spotify:track:7ccTcabbJlCJiIqtrSSwBk","Eminem","Premonition - Intro","Shady/Aftermath/Interscope Records",63,-1,1,"41219"
64,"spotify:track:0VSzREd1OjEWJ9tXoFHRQH","Eminem, Ed Sheeran","Those Kinda Nights (feat. Ed Sheeran)","Shady/Aftermath/Interscope Records",64,-1,1,"40841"
65,"spotify:track:5SiZJoLXp3WOl3J4C8IK0d","Eminem","Darkness","Shady/Aftermath/Interscope Records",65,-1,1,"40536"
66,"spotify:track:5xWpxI216rbOSiAqjdn6gy","Meet Bros., Neha Kakkar, Jassie Gill","Lamborghini (From ""Jai Mummy Di"")","T-Series",16,58,25,"40360"
67,"spotify:track:4wNIkl5XGiAACjFBlDWuSd","Jonas Brothers","What A Man Gotta Do","Republic Records",67,-1,1,"39645"
68,"spotify:track:6vo7Y1iWyZvpjvFbf6BiZ5","Pritam, Arijit Singh","Kalank (Title Track)","Zee Music Company",4,60,293,"39385"
69,"spotify:track:1z0A545pZMaqYRkruladlk","Garry Sandhu, Neha Kakkar, Mellow D","Hauli Hauli (From ""De De Pyaar De"")","T-Series",13,62,266,"39092"
70,"spotify:track:0mJTAdmY8olbGQjopDYff3","Dhvani Bhanushali, Nikhil D'Souza, Tanishk Bagchi","Vaaste","T-Series",2,61,286,"39032"
71,"spotify:track:58wyJLv6yH1La9NIZPl3ne","Kina, Adriana Proenza","Can We Kiss Forever?","Columbia",44,63,90,"38973"
72,"spotify:track:6FZDfxM3a3UCqtzo5pxSLZ","Halsey","Without Me","Capitol Records",10,75,325,"38778"
73,"spotify:track:7GfdU12uRL2xtSQcRXmqNN","Maninder Buttar","Laare","White Hill Music",54,66,43,"38474"
74,"spotify:track:3g0mEQx3NTanacLseoP0Gw","The Chainsmokers, ILLENIUM, Lennon Stella","Takeaway","Disruptor Records/Columbia",19,73,177,"38352"
75,"spotify:track:36EPfDEkfLYQLt8Fvced8x","Harrdy Sandhu","Dance Like","Sony Music Entertainment India Pvt. Ltd.",41,68,49,"38347"
76,"spotify:track:7qEHsqek33rTcFNT9PFqLf","Lewis Capaldi","Someone You Loved","Vertigo Berlin",26,64,260,"38315"
77,"spotify:track:3f0wz6zcA7XkQiGm0qNF5r","Arijit Singh, Tanishk Bagchi","Thodi Jagah (From ""Marjaavaan"")","T-Series",12,67,92,"37725"
78,"spotify:track:6oDHAjaJJjwwgoAuMIeY9K","Neha Kakkar, Yash Narvekar, Tanishk Bagchi","Ek Toh Kum Zindagani (From ""Marjaavaan"")","T-Series",25,69,100,"37384"
79,"spotify:track:0pqnGHJpmpxLKifKRmU6WP","Imagine Dragons","Believer","Kid Ina Korner / Interscope",28,71,325,"37318"
80,"spotify:track:17uI7afUaul1hCzMTF9txd","Meet Bros., Palak Muchhal, Altamash Faridi","Ik Mulaqaat","Zee Music Company",15,70,137,"37153"
81,"spotify:track:0bMbDctzMmTyK2j74j3nF3","Alan Walker, Ava Max","Alone, Pt. II","MER Recordings",59,72,22,"36884"
82,"spotify:track:0GQ5bFTVFFKpwNPc7KwQnB","Eminem, Royce Da 5'9"", White Gold","You Gon’ Learn (feat. Royce Da 5'9"" & White Gold)","Shady/Aftermath/Interscope Records",82,-1,1,"36200"
83,"spotify:track:6wZJsut8fjiWiMPaccRAOX","Ritviz","Udd Gaye","Ritviz",75,77,325,"35909"
84,"spotify:track:0mHU8dcIvGrGDazLMmQpSg","Jubin Nautiyal","Tujhe Kitna Chahein Aur (Film Version)","T-Series",11,74,211,"35771"
85,"spotify:track:2P91MQbaiQOfbiz9VqhqKQ","Lauv","I Like Me Better","Lauv",28,76,325,"35325"
86,"spotify:track:2fPPWdQuHY3CxPIOk6qbwH","Sidhu Moose Wala, Afsana Khan","Dhakka","Sidhu Moose Wala",61,80,43,"34713"
87,"spotify:track:5KawlOMHjWeUjQtnuRs22c","BTS, Halsey","Boy With Luv (feat. Halsey)","BIGHIT MUSIC",1,196,244,"34034"
88,"spotify:track:3jjujdWJ72nww5eGnfs2E7","Harry Styles","Adore You","Columbia",38,78,43,"33686"
89,"spotify:track:3QxnfqVDPX1IkXu4SnRS2s","Neha Kakkar, Manj Musik, Herbie Sahara","Laal Ghaghra","Zee Music Company",57,82,32,"33496"
90,"spotify:track:3ZjMdVOWxQ53FKrmkgCv95","Sachet Tandon, Dhvani Bhanushali, Tanishk Bagchi","Psycho Saiyaan (From ""Saaho"")","T-Series",3,79,194,"33367"
91,"spotify:track:2q0V50aNlI1RQXJyE5HDgD","Sachin-Jigar, Darshan Raval, Neha Kakkar","Odhani (From ""Made in China"")","Sony Music Entertainment India Pvt. Ltd.",17,81,116,"33250"
92,"spotify:track:66Nmp3ztIMqX1j8yYtWl1X","Ritviz","Liggi","Ritviz",83,83,19,"32074"
93,"spotify:track:1xoQjCAP6a63tZXbsMziXk","Deep Jandu, DIVINE","Bombay to Punjab","Geet Mp3",83,84,13,"31950"
94,"spotify:track:5u1B3XG0RtFHCaTON42z4W","Dhvani Bhanushali, Shashwat Singh, Tanishk Bagchi","Na Ja Tu","T-Series",94,100,6,"31880"
95,"spotify:track:7eOkHIcaoUhngxxypM5Ajr","Selena Gomez","Look At Her Now","Interscope Records",9,86,86,"31502"
96,"spotify:track:5CpsIb7SMFHjmAG8RvIWfq","Eminem, Skylar Grey","Leaving Heaven (feat. Skylar Grey)","Shady/Aftermath/Interscope Records",96,-1,1,"31420"
97,"spotify:track:1VYMsDdZ3toHtlZxAGS95n","DIVINE","Kohinoor","Universal Music India Pvt Ltd.",6,87,127,"31309"
98,"spotify:track:57vxBYXtHMk6H1aD29V7PU","The Weeknd","Heartless","Republic Records",7,85,52,"31154"
99,"spotify:track:6HGoVbCUr63SgU3TjxEVj6","Imran Khan","Satisfya","Ik Records",88,91,121,"30501"
100,"spotify:track:7cuYb19oTyv1tLTgzH7qpv","Bilal Saeed, Momina Mustehsan","Baari","One Two Records",96,96,50,"30394"
101,"spotify:track:1bLNqR3bqpyWkwWKECjVrw","Vishal-Shekhar, Neha Kakkar, Shekhar Ravjiani","The Hook Up Song","Zee Music Company",9,88,265,"30343"
102,"spotify:track:285pBltuF7vW8TeWk8hdRR","Juice WRLD","Lucid Dreams","Juice WRLD Mixtape / ISR P&D",9,92,62,"30192"
103,"spotify:track:6aPMWbbdhDhiJHlknZb9Yx","Arijit Singh, Sachet-Parampara","Bekhayali (Arijit Singh Version) [From ""Kabir Singh""]","T-Series",6,90,229,"30113"
104,"spotify:track:6ocbgoVGwYJhOv1GgI9NsF","Ariana Grande","7 rings","Republic Records",1,94,325,"30037"
105,"spotify:track:7Dj2wqPYXfSRFwa6qyOztr","Eminem","In Too Deep","Shady/Aftermath/Interscope Records",105,-1,1,"30009"
106,"spotify:track:65c6VCikt7f5sAS1heoYQC","Bohemia, Sidhu Moose Wala","Same Beef","Saga Music",51,101,116,"29988"
107,"spotify:track:0P8TCqG9wsZPUnvxqLNZ5k","Roll Rida, Rahul Nambiar, Lady Kash, Rahul Sipligunj, Blazee, Thaman S","OMG Daddy - Telugu","Aditya Music",97,97,9,"29898"
108,"spotify:track:1aIhAX6324JZmhNnGltwkK","Arijit Singh","Tera Yaar Hoon Main (From ""Sonu Ke Titu Ki Sweety"")","T-Series",55,95,322,"29820"
109,"spotify:track:2GYzXSeNa3Y0BfIfS1VJj3","Sid Sriram, Dhruv Vikram, Banita Sandhu","Yaen Ennai Pirindhaai - Male","Aditya Music",49,103,87,"29700"
110,"spotify:track:01AE1MgL6L86WQzh4KGDUa","Meet Bros., Jubin Nautiyal, Dhvani Bhanushali","Kinna Sona (From ""Marjaavaan"")","T-Series",30,89,73,"29468"
111,"spotify:track:4bKkdGBttnK4SYjT4zPC1U","Tony Kakkar, Neha Kakkar, Young Desi","Coca Cola (From ""Luka Chuppi"")","T-Series",11,93,325,"29356"
112,"spotify:track:6vBdBCoOhKHiYDDOcorfNo","Post Malone, Young Thug","Goodbyes (feat. Young Thug)","Republic Records",6,98,197,"28983"
113,"spotify:track:5q6eZbatNFuToQdA7FGhj5","Sohail Sen, Altamash Faridi, Jyotica Tangri","Ek Chumma (From ""Housefull 4"")","T-Series",53,104,109,"28261"
114,"spotify:track:7eua2ud1Wwhn3mefm6Y7Cn","B Praak, Rashmi Virag","Maana Dil","Zee Music Company",69,99,39,"28177"
115,"spotify:track:6vuMdb0E8buJeSHArN3dXk","Amaal Mallik, Armaan Malik","Chale Aana (From ""De De Pyaar De"")","T-Series",17,102,260,"28039"
116,"spotify:track:698ItKASDavgwZ3WjaWjtz","Alan Walker","Faded","MER Recordings",43,108,325,"28012"
117,"spotify:track:1y4jsQt7MjnZhiD1L6qFBC","Sub Urban","Cradles","NCS",46,114,254,"27951"
118,"spotify:track:6UelLqGlWMcVH1E5c4H7lY","Harry Styles","Watermelon Sugar","Columbia",54,105,62,"27938"
119,"spotify:track:5G7pZ8G8NFvS1MQ9H4L7dC","Javed-Mohsin, Arijit Singh, Shreya Ghoshal","Pal","Sony Music Entertainment India Pvt. Ltd.",41,107,325,"27838"
120,"spotify:track:5I3Xih0C2ID3fqngBrBbGv","Badshah, Neeti Mohan","Bad Boy (From ""Saaho"")","T-Series",6,106,152,"27818"
121,"spotify:track:04UzZSWfw8hkK832P27QLq","Nikk, Avneet Kaur","Yaari","BANG Music",17,112,196,"27499"
122,"spotify:track:4gyPGtExOjj1rsByKW33LR","Badshah","Paagal","Sony Music Entertainment India Pvt. Ltd.",11,110,192,"27364"
123,"spotify:track:6cARnc9YVlBNigjNSX63pp","Neha Kakkar, Dhvani Bhanushali, Ikka","Dilbar (From ""Satyameva Jayate"")","T-Series",24,113,325,"27273"
124,"spotify:track:2YpeDb67231RjR0MgVLzsG","Lil Nas X, Billy Ray Cyrus","Old Town Road - Remix","Columbia",1,116,288,"27130"
125,"spotify:track:5VPE8OfK0vJOSYtJfydBQa","Arijit Singh","Khulne Do","Zee Music Company",125,136,4,"27128"
126,"spotify:track:39vrbjCMTRXEdiIr2IsBgd","Badshah","She Move It Like","Sony Music Entertainment India Pvt. Ltd.",12,109,325,"27027"
127,"spotify:track:7rlCMRioM2TkdhHdnXCpsr","Madhu Priya, Devi Sri Prasad","He’s Soo Cute (From ""Sarileru Neekevvaru"")","Lahari Music",117,119,11,"26679"
128,"spotify:track:5wdlz4N7s1Xyr4y4RXhZJM","Karan Sehmbi, Tanishk Bagchi, Goldboy","Photo (From ""Luka Chuppi"")","T-Series",14,115,325,"26665"
129,"spotify:track:0ojpEubhy4JNeVftmVuiN7","Armaan Malik, Vishal Mishra","Pehla Pyaar","T-Series",11,111,211,"26635"
130,"spotify:track:2dpaYNEQHiRxtZbfNsse99","Marshmello, Bastille","Happier","Astralwerks",15,122,325,"26100"
131,"spotify:track:790uNrqzKWCvj8rR1QXNpU","Neha Kakkar, Mika Singh, Kumar Sanu","Aankh Marey (From ""Simmba"")","T-Series",13,120,325,"26092"
132,"spotify:track:0KMxACWz7WJYy9wj7YVKKr","Khan Bhaini, Shipra Goyal","Gaddi Pichhe Naa","Single Track Studios",91,117,39,"26023"
133,"spotify:track:7BKLCZ1jbUBVqRi2FVlTVw","The Chainsmokers, Halsey","Closer","Disruptor Records/Columbia",56,123,325,"26011"
134,"spotify:track:3YVQHUpNexOqkLI7IclsoT","Darshan Raval","Hawa Banke","Indie Music Label",30,132,184,"26011"
135,"spotify:track:6N6mJlsjYRV0yoMSPS5JiQ","Navv Inder, Lisa Mishra, Raja Kumari","The Wakhra Song","Zee Music Company",8,126,194,"25937"
136,"spotify:track:5MnAi6ZF7cE8pAz7wYr9Ta","Vishal-Shekhar, Julius Packiam, Atif Aslam, Irshad Kamil","Dil Diyan Gallan","YRF Music",77,124,308,"25900"
137,"spotify:track:6fTEiqvwttauVDmDmDwD2T","QARAN, Badshah","Tareefan","Zee Music Company",34,125,325,"25797"
138,"spotify:track:5x3K3Ld54TtkYKdQvrFOV3","Guru Randhawa, Neha Kakkar","Morni Banke (From ""Badhaai Ho"")","T-Series",23,128,325,"25693"
139,"spotify:track:0xkGTPTijMU84dtHr3KQQi","Arijit Singh, Nikhita Gandhi","Qaafirana","Zee Music Company",39,118,319,"25663"
140,"spotify:track:1ToprX3cpBiXoAe5eNSk74","Khalid","Eleven","Right Hand Music Group, LLC/RCA Records",121,121,2,"25555"
141,"spotify:track:6kls8cSlUyHW2BUOkDJIZE","Ellie Goulding, Juice WRLD","Hate Me (with Juice WRLD)","Polydor Records",41,133,116,"25487"
142,"spotify:track:0e7ipj03S05BNilyu5bRzt","Post Malone, 21 Savage","rockstar (feat. 21 Savage)","Republic Records",42,129,325,"25462"
143,"spotify:track:4JQxGJ8jsKW8pOUVoAgOZr","Amit Trivedi","Naina Da Kya Kasoor","Zee Music Company",77,135,277,"24949"
144,"spotify:track:3Oe3VdPn6rAueriQvFhCBA","Garry Sandhu, Jasmine Sandlas","Illegal Weapon","Fresh Media Records",111,134,76,"24830"
145,"spotify:track:2oejEp50ZzPuQTQ6v54Evp","The Chainsmokers, Bebe Rexha","Call You Mine","Disruptor Records/Columbia",13,140,232,"24747"
146,"spotify:track:2ufmtcIFdFpuUYBPXK5f67","Halsey","Graveyard","Capitol Records",25,190,125,"24724"
147,"spotify:track:7fa9MBXhVfQ8P8Df9OEbD8","Maroon 5, Cardi B","Girls Like You (feat. Cardi B) - Cardi B Version","Interscope Records*",16,139,325,"24718"
148,"spotify:track:6preZS0pC2OdHPZAOwcoM9","Pritam, Arijit Singh, Antara Mitra, Nikhil D'Souza","Dil Hi Toh Hai","Zee Music Company",19,130,119,"24668"
149,"spotify:track:5uaIbU3oHHcSOK6WFNK5nj","Ranveer Singh, Dub Sharma, DIVINE","Apna Time Aayega","Zee Music Company",7,138,325,"24558"
150,"spotify:track:0i4r9oQAjxUlSVVp0ibNkx","Meet Bros., Jonita Gandhi, Nakash Aziz","Dil Ka Telephone","Zee Music Company",57,131,132,"24486"
151,"spotify:track:6NLzzwFbAD1imLXGBMj9jo","The Doorbeen, Shreya Sharma","Prada","Jjust Music Pvt. Ltd.",13,146,158,"24280"
152,"spotify:track:1zB4vmk8tFRmM9UULNzbLB","Imagine Dragons","Thunder","Kid Ina Korner / Interscope",62,141,325,"24267"
153,"spotify:track:64RkEV5b7bG697vhIPMlrl","Ritviz","Sage","Ritviz",138,143,77,"24180"
154,"spotify:track:0a6zRnrjmaOcqsEIFkXIhw","Akhil","Khaab","Crown Records",92,147,318,"23985"
155,"spotify:track:3eekarcy7kvN4yt5ZFzltW","Travis Scott","HIGHEST IN THE ROOM","Cactus Jack / Epic",18,145,106,"23810"
156,"spotify:track:3Sz4YYDEgyM22IYpRa50vj","Arijit Singh","Chhapaak Title Track","Zee Music Company",80,127,14,"23809"
157,"spotify:track:22vgEDb5hykfaTwLuskFGD","Jonas Brothers","Sucker","Jonas Brothers Recording",1,156,323,"23622"
158,"spotify:track:0rk2X5TAhraBC5aCIXK2Rq","Jawad Ahmad, Shaarib Toshi, Arijit Singh, Shreya Ghoshal","Samjhawan","Sony Music Entertainment India Pvt. Ltd.",68,150,325,"23398"
159,"spotify:track:7h0d2h0fUmzbs7zeFigJPn","Travis Scott, ROSALÍA, Lil Baby","HIGHEST IN THE ROOM (feat. ROSALÍA & Lil Baby) - REMIX","Cactus Jack / Epic",94,142,22,"23278"
160,"spotify:track:2si0ZNx4yRbggTvrIom8A2","Rochak Kohli, Atif Aslam, Tulsi Kumar","Paniyon Sa","T-Series",56,148,324,"23269"
161,"spotify:track:3boJs8tx10SQr2nUUm3FAr","Sachin-Jigar, Jubin Nautiyal, Asees Kaur","Pyaar Toh Tha (From ""Bala"")","Sony Music Entertainment India Pvt. Ltd.",52,137,78,"23252"
162,"spotify:track:5ACkb3CikcSZPF0h7FSZAp","Lauv, LANY","Mean It","Lauv",92,154,64,"23237"
163,"spotify:track:4nKc9yiwXWlEByq1oMfHU6","Dino James, Kaprila","Dooriyan (feat. Kaprila)","SME India Pvt. Ltd./ Kurian and Company",64,151,42,"23207"
164,"spotify:track:7cFuzwgbtHXmSKuCzo0qCW","The Doorbeen, Ragini","Lamberghini","Times Music",12,161,325,"23202"
165,"spotify:track:3IzQc4KEAFd8lIc90X7FZr","Vishal-Shekhar, Vishal Dadlani, Payal Dev, Kishore Kumar","The Jawaani Song","Zee Music Company",16,152,275,"23147"
166,"spotify:track:0u2P5u6lvoDfwTYjAADbn4","Billie Eilish, Khalid","lovely (with Khalid)","Darkroom",61,153,272,"23094"
167,"spotify:track:2b9F2d26QVGnzZtkzNU2XJ","Vibe2Vibe","Dance Monkey","Music Manager",167,183,10,"22976"
168,"spotify:track:5O932cZmzOZGOGZz9RHx20","Pritam, Arijit Singh","Khairiyat","T-Series",54,149,132,"22909"
169,"spotify:track:6Kynli1iHBqJRWUCohcV9h","DIVINE","Kaam 25 - Sacred Games","Netflix India Originals LLC",55,155,286,"22860"
170,"spotify:track:7FGq80cy8juXBCD2nrqdWU","benny blanco, Halsey, Khalid","Eastside (with Halsey & Khalid)","Friends Keep Secrets/Interscope Records",24,157,323,"22855"
171,"spotify:track:45Bfnqhwy4dtqTYmClzEWM","B Praak, Sachet-Parampara","Dilbara (B Praak Version) [From ""Pati Patni Aur Woh""]","T-Series",63,144,45,"22565"
172,"spotify:track:0lYBSQXN6rCTvUZvg9S0lU","DJ Snake, Justin Bieber","Let Me Love You","DJ Snake Def Jam",99,163,325,"22428"
173,"spotify:track:4EmunTy7kNBYQivOa8F6b8","Eminem","Alfred - Interlude","Shady/Aftermath/Interscope Records",173,-1,1,"22412"
174,"spotify:track:7s0qlp1ibUxVXLsOM0YWia","Pritam, Arijit Singh, Neeti Mohan","First Class","Zee Music Company",8,166,301,"22119"
175,"spotify:track:6rfahvufEQDIVTHJIU2QQB","MEMBA, EVAN GIIA, Nooran Sisters","For Aisha (Featured in ""The Sky Is Pink"")","ANTNNA",59,165,47,"22096"
176,"spotify:track:7AFASza1mXqntmGtbxXprO","XXXTENTACION","changes","Bad Vibes Forever, LLC",20,160,154,"22094"
177,"spotify:track:76IXpU3ve4gHmvcduUN88d","Prem Dhillon, Sidhu Moose Wala","Old Skool","Sidhu Moose Wala",177,-1,1,"21933"
178,"spotify:track:0l6g8Z8mqGbGXFOjigYetD","Pritam, Arijit Singh","Hawayein","Sony Music Entertainment India Pvt. Ltd.",45,168,324,"21886"
179,"spotify:track:0H2iJVgorRR0ZFgRqGUjUM","Pritam, Arijit Singh","Channa Mereya","Sony Music Entertainment India Pvt. Ltd.",56,172,325,"21867"
180,"spotify:track:6bdpj89aYEBjhpsenXAsmO","A.R. Rahman, Arijit Singh","Enna Sona","Sony Music Entertainment India Pvt. Ltd.",32,169,325,"21794"
181,"spotify:track:6H568VnZWTitazwFTwVSd8","Lauv, Troye Sivan","i'm so tired...","Lauv",6,167,289,"21608"
182,"spotify:track:0BS99JhjvDbC2lpiMwsaxh","Ammy Virk","Haaye ve","Jjust Music Label Pvt. Ltd.",69,164,32,"21537"
183,"spotify:track:6sTbnkzOtPpojgnn50cCHJ","Ankit Tiwari, Dhvani Bhanushali","Rula Diya (From ""Batla House"")","T-Series",45,162,172,"21482"
184,"spotify:track:0lks2Kt9veMOFEAPN0fsqN","Alan Walker, K-391, Emelie Hollow","Lily","MER Recordings",84,175,298,"21437"
185,"spotify:track:4ye8U0982eHtlhlvePpxtP","Ritviz","Jeet","Ritviz",123,178,20,"21425"
186,"spotify:track:1ZaeaGLhFSckG8sv1y7AWk","Harrdy Sandhu","Kya Baat Ay","Sony Music Entertainment India Pvt. Ltd.",37,180,325,"21364"
187,"spotify:track:79XBui7ea1RGjlC57AH0w1","Inder Chahal, Rajat Nagpal","Gal Karke","Desi Music Factory",162,170,26,"21357"
188,"spotify:track:7jl8FKIm4v4RfaGXLEV0s6","Sukriti Kakar, Prakriti Kakar","Kehndi Haan Kehndi Naa","Universal Music India Pvt Ltd.",159,159,3,"21225"
189,"spotify:track:12V0iduYsoXxsQYTSeFB2H","Jass Manak","Viah","Geet Mp3",63,179,280,"21176"
190,"spotify:track:1bvIoSekCZWAgthW01kbo9","Jasbir Jassi, Badshah, Dhvani Bhanushali","Koka (From ""Khandaani Shafakhana"")","T-Series",13,176,204,"21169"
191,"spotify:track:3iP6FDxr7k36zqSDscqZW7","Alka Yagnik, Arijit Singh","Agar Tum Saath Ho (From ""Tamasha"")","T-Series",92,177,239,"21045"
192,"spotify:track:0Iz4CkptElGHo16r797Jsb","Atif Aslam, Nusrat Fateh Ali Khan, Rochak Kohli","Dekhte Dekhte (From ""Batti Gul Meter Chalu"")","T-Series",32,181,325,"21033"
193,"spotify:track:6p2o4ep90wpkh0qzUmyFuO","Mithoon, Arijit Singh, Asees Kaur","Intezaar","Universal Music India Pvt Ltd.",51,171,72,"21012"
194,"spotify:track:7mUuarQfB0E0Xs80Vzd2gw","Karan Aujla, Gurlez Akhtar","Chitta Kurta","Rehaan Records",74,184,44,"20909"
195,"spotify:track:4yJiXq86uM56uIfIZgE440","blackbear","me & ur ghost","Alamo",195,-1,1,"20718"
196,"spotify:track:2bT1PH7Cw3J9p3t7nlXCdh","Shawn Mendes","If I Can't Have You","Island Records",1,188,260,"20684"
197,"spotify:track:51Fjme0JiitpyXKuyQiCDo","Y2K, bbno$","Lalala","Columbia",54,192,196,"20650"
198,"spotify:track:44O26Gv1wQrlUj14PpTolM","Sunidhi Chauhan, Divya Kumar, Amit Trivedi","Halka Halka (From ""Fanney Khan"")","T-Series",122,187,189,"20646"
199,"spotify:track:5mZXWEH2eh8zMZGCxT5aW0","Eminem, Royce Da 5'9"", Black Thought, Q-Tip, Denaun","Yah Yah (feat. Royce Da 5'9"", Black Thought, Q-Tip & Denaun)","Shady/Aftermath/Interscope Records",199,-1,1,"20530"
200,"spotify:track:073ILU1C3APNRGF66VhtyA","Camila Cabello","Liar","Syco Music/Epic",17,158,134,"20523"
